respondent_id,collector_id,date_created,date_modified,ip_address,email_address,first_name,last_name,custom_1,"Autorizo a United Way Colombia a realizar toma de fotografías, videos o entrevistas en las que aparezco y cedo el uso de mi imagen y registros de las actividades en las cuales participé, para los fines contemplado en la Política de Privacidad para el Tratamiento de Datos Personales de dicha entidad, en la cual se incluyen, entre otras, la realización de piezas de comunicación interna y externa. Como titular de los datos podré, en cualquier momento, solicitar que la información sea modificada, actualizada o retirada de las bases de datos de United Way Colombia. Lo invitamos a conocer los detalles en: https://bit.ly/2O4diuQ",DEPARTAMENTO,NOMBRE DEL CENTRO EDUCATIVO,"Responde una de estas tres preguntas, la que prefieras responder:1. Cuéntanos una situación que haya sucedido en tu institución educativa que te haya hecho pensar sobre tu futuro.2. Cuéntanos una situación que haya sucedido en tu institución educativa que te haya impactado particularmente positiva o negativamente.3. Cuéntanos una situación que haya sucedido en tu institución educativa que te haya hecho pensar en que cosas se pueden mejorar en tu institución.Describe la situación, y lo que pasó.Comparte tu experiencia / tu ejemplo aquí:",La historia que contaste te genera...,¿Con que frecuencia sucede tu historia? ,¿Con que temas esta relacionada tu historia? ,Mi experiencia produjo...,"Pensando en la experiencia que compartí, me enfoqué en:",En mi experiencia los estudiantes aprenden a través de...,Mi foco estuvo en cultivar en los estudiantes…,Los estudiantes aprenden a través de: ,Las decisiones fueron influenciadas por…,Mi papel como maestro fue ,Pensando en la experiencia/ejemplo que acabo de compartir… A los estudiantes se les animó a aprender…,El aprendizaje fue…,Las decisiones fueron influenciadas por…,Tipo de Institución,En que trayectoria enseña,Género,Edad,Nivel Educativo
12524116742,402064447,2021-03-25 17:52:04,2021-03-25 18:04:33,181.234.162.79,,,,,Sí,VALLE DEL CAUCA,Isaías Gamboa,"3con la emergencia se restableció el puente de comunicación de comunidad educativa con los padres ,la cual se ha venido deteriorando por los roles de trabajo que cumplen lis padres y madres de familia que por esta razón han tenido que dejar la crianza y educación  de sus hijos en manos de terceros, que en poca o gran medida  se preocupan por asistir a las reuniones citadas por el colegio.Con la emergencia en medio de lo feo de la pandemia se dio algo muy lindo que fue la reunión de las familias en casa debido al encierro. Muchas familias se sintieron felices compartiendo tareas escolares y quehaceres de la casa, generando un verdadero ambiente familiar.wue a su vez generó nuevamente ese acercamiento de escuela y hogar, produciendo cambios muy positivos en el rendimiento escolar.",Motivación,Con frecuencia,Mi relación con los padres de familia,Resultados positivos,El desarrollo socioemocional de mis estudiantes,Reflexionar y comprender,Buenas bases para la compresión de futuros aprendizajes,Reflexionar y comprender,Maestros y rectores,Abrir nuevos mundos para los estudiantes,6,15,12,Oficial,Básica Secundaria,Mujer,50 a 59 años,Licenciado
12523578098,402064447,2021-03-25 14:35:52,2021-03-25 14:39:49,181.129.241.19,,,,,Sí,VALLE DEL CAUCA,Isaias,La verdad es que soy nueva vivía en miranda cauca,Motivación,Casi nunca,Creatividad e Innovación,Resultados positivos,Estimular el aprendizaje y transmitir prácticas,Experimentar y crear,Habilidades prácticas para la vida para una futura empleabilidad,Aplicar lo aprendido en cosas concretas,Estudiantes y padres,Abrir nuevos mundos para los estudiantes,94,100,89,,,,,
12523382222,402064447,2021-03-25 13:17:56,2021-03-25 13:35:06,190.66.68.183,,,,,No,VALLE DEL CAUCA,Isaías Gamboa,"2. Tuve la fortuna de llegar a la Institución Educativa Isaías Gamboa desde su inicio como institución de bachillerato. Me impactó  al llegar, los pocos recursos materiales con los cuales se contaba y la cantidad y calidad de docentes que en esa oportunidad llegamos a ese lugar: eran sólo tres sedes de primaria o escuelas de primaria ",Motivación,De vez en cuando,Trabajo en equipo,Resultados positivos,Estimular el aprendizaje y transmitir prácticas,Experimentar y crear,Habilidades prácticas para la vida para una futura empleabilidad,Aplicar lo aprendido en cosas concretas,Maestros y rectores,Abrir nuevos mundos para los estudiantes,50,50,51,Oficial,Básica Secundaria,Mujer,60 a 69 años,Licenciado
12523377167,402064447,2021-03-25 13:20:57,2021-03-25 13:33:45,186.144.0.231,,,,,Sí,VALLE DEL CAUCA,Isaias Gamboa,"En la cancha de los estudiantes, hace falta retener un pequeño barranco, que está situado en la cancha de micro futbol al aire libre que usan los niños para jugar y en sus clases de edufisica. en dos oportunidades se han caido los niños practicando su deporte y se han fracturado. Me parece muy importante arreglarles la cancha y el seguro de salud de los estudiantes es muy deficiente, pues en estos casos no han querido atenderlos en varias clinicas de la ciudad.",Impotencia,De vez en cuando,Mi relación con los estudiantes,Resultados mixtos,El desarrollo socioemocional de mis estudiantes,Reflexionar y comprender,Comprensión del mundo que los rodea,Reflexionar y comprender,Estudiantes y padres,Dar soporte emocional a los estudiantes,50,50,50,Oficial,Básica Secundaria,Mujer,50 a 59 años,Licenciado
12523376563,402064447,2021-03-25 13:16:40,2021-03-25 13:32:56,181.143.231.138,,,,,Sí,VALLE DEL CAUCA,Isaías Gamboa,"2. El año pasado me enferme por que mí asignación académica fue de 18 grupos, por lo cual me tocó atender más de 500 estudiantes. Por lo tanto hice una carta a la rectora para que revisara la distribución de la carga académica por que hay docentes que sólo tenían 5 grupos. La señora rectora respondió que quién no estuviera de acuerdo con la asignación pasara la carta para liberación.como éste año me tocó 14 grupos más de 450 estudiantes, le pase la carta pidiendo que me liberara porque no estaba dé acuerdo y la rectora no me acepto y ésto ha causado un impacto muy negativo en mi vida laboral y emocional",Impotencia,Con frecuencia,Mi relación con los estudiantes,Resultados mixtos,Estimular el aprendizaje y transmitir prácticas,Aplicar lo aprendido,Habilidades prácticas para la vida para una futura empleabilidad,Aplicar lo aprendido en cosas concretas,Estudiantes y padres,Abrir nuevos mundos para los estudiantes,60,56,38,Oficial,Básica Secundaria,Hombre,50 a 59 años,Magister
12523370931,402064447,2021-03-25 13:17:21,2021-03-25 13:42:40,181.56.151.14,,,,,Sí,VALLE DEL CAUCA,Isaías Gamboa,"2. Yo soy una docente que me encanta participar en actividades escolares y extraescolares. Una vez había una invitación para participar en los juegos interculturales, una vez terminada las actividades entregaron un equipo que yo había pedido para mis clases de danzas ya que el que había lo utilizaban en la sala de sistema. Yo nunca pude disfrutar de ese premio con mis estudiantes. Eso me ha desmotivado mucho ya que la sede generalmente no tiene aparatos tecnológicos para trabajar",Tristeza,De vez en cuando,Trabajo en equipo,Resultados positivos,El desarrollo socioemocional de mis estudiantes,Reflexionar y comprender,Habilidades prácticas para la vida para una futura empleabilidad,Experimentar y crear,Maestros y rectores,Abrir nuevos mundos para los estudiantes,12,12,89,Oficial,Básica Primaria,Mujer,40 a 49 años,Licenciado
12523367430,402064447,2021-03-25 13:14:36,2021-03-25 13:30:26,191.106.151.166,,,,,Sí,VALLE DEL CAUCA,I.E. ISAIAS  GAMBOA,"RESPUESTAS. 1.     CAMBIO DE ACTITUD A LA HORA DE ABORDAR TEMAS CON LOS CHICOS, YA QUE SON NIÑOS QUE REQUIEREN MAYOR ATENCION.  Y SON MUY ACTIVOS, SON PARTICIPATIVOS",Motivación,Con frecuencia,Creatividad e Innovación,Resultados interesantes,El cumplimiento del plan de estudios,Reflexionar y comprender,Habilidades prácticas para la vida para una futura empleabilidad,Reflexionar y comprender,Maestros y rectores,Ayudar a estudiantes a alcanzar sus objetivos,51,70,84,Oficial,Básica Secundaria,Mujer,50 a 59 años,Licenciado
12523362347,402064447,2021-03-25 13:16:35,2021-03-25 13:28:36,190.1.248.2,,,,,Sí,VALLE DEL CAUCA,Isaías gamboa,"3. En la hora de recreo, un estudiante de grado 7° se fracturo el antebrazo, se le reporto la situación al coordinador, se activó la ruta de atención, se llamó la ambulancia y después de media hora no llego la ambulancia, uno de los compañeros docente decidió llevar el estudiante en el carro a la clínica de atención. Me hizo pensar que este tipo de situaciones se presentan con frecuencia, y la respuesta por parte del sistema de atención es lento.",Tristeza,De vez en cuando,Trabajo en equipo,Resultados mixtos,El desarrollo socioemocional de mis estudiantes,Experimentar y crear,Buenas bases para la compresión de futuros aprendizajes,Experimentar y crear,Maestros y rectores,Abrir nuevos mundos para los estudiantes,1,60,70,Oficial,Básica Secundaria,Hombre,40 a 49 años,Magister
12523359966,402064447,2021-03-25 13:16:41,2021-03-25 13:28:16,181.62.53.242,,,,,Sí,VALLE DEL CAUCA,I.E. ISAIAS GAMBOA,"LA CUARENTENA EN AÑO PASADO, ME PERMITIÓ REPLANTEARME LA FORMA COMO ESTOY ENSEÑANDO MI ASIGNATURA. ME HIZO BUSCAR LA MANERA DE REFRESCAR MI METODOLOGÍA Y MIRAR LAS FORMAS TECNOLÓGICAS PARA IMPLEMENTARLAS EN MI QUEHACER PROFESIONAL",Motivación,Casi nunca,Tecnologías y herramientas digitales,Resultados positivos,Estimular el aprendizaje y transmitir prácticas,Experimentar y crear,Comprensión del mundo que los rodea,Experimentar y crear,Maestros y rectores,Abrir nuevos mundos para los estudiantes,83,50,11,Oficial,En más de una,Mujer,50 a 59 años,Licenciado
12523359663,402064447,2021-03-25 13:17:23,2021-03-25 13:51:51,186.81.37.170,,,,,Sí,VALLE DEL CAUCA,Isaias Gamboa,Encontré que uno de mis estudiantes estaba consumiendo sustancias sicoactivas. Como un estudiante me avisó que ese compañero tenia marihuana en su maletín procedí a requisarlo en presencia del coordinador. Entonces pensé que para el futuro debería prepararme para orientar a estos jóvenes con problema de adicción.,Motivación,De vez en cuando,Mi relación con los estudiantes,Resultados mixtos,El desarrollo socioemocional de mis estudiantes,Reflexionar y comprender,Comprensión del mundo que los rodea,Reflexionar y comprender,Estudiantes y padres,Dar soporte emocional a los estudiantes,83,11,12,Oficial,Básica Secundaria,Hombre,60 a 69 años,Licenciado
12523302710,402064447,2021-03-25 12:56:35,2021-03-25 13:09:23,181.62.54.26,,,,,Sí,VALLE DEL CAUCA,I.E Isaías Gamboa,"Cuando llegue a la institución evidencie que muchos estudiantes eran apáticos frente a actividades de clase como exponer, participar, jugar. Entonces empecé a trabajar con ellos en su autoestima y reconocimiento de sí mismos, logrando que mejorara significativamente su desempeño y su vida. ",Orgullo/Satisfacción,Con frecuencia,Liderazgo,Resultados positivos,El desarrollo socioemocional de mis estudiantes,Reflexionar y comprender,Comprensión del mundo que los rodea,Reflexionar y comprender,Estudiantes y padres,Dar soporte emocional a los estudiantes,53,54,60,Oficial,Básica Secundaria,Mujer,40 a 49 años,Licenciado
12522661300,402064447,2021-03-25 09:55:22,2021-03-25 10:00:45,161.18.13.75,,,,,Sí,VALLE DEL CAUCA,Santa Librada,Los niños que son atendidos por las fundaciones debido al abandono de los progenitores ,Motivación,De vez en cuando,Mi aporte a la humanidad y al mundo,Resultados interesantes,El desarrollo socioemocional de mis estudiantes,Reflexionar y comprender,Comprensión del mundo que los rodea,Experimentar y crear,Maestros y rectores,Abrir nuevos mundos para los estudiantes,50,50,50,Oficial,Básica Secundaria,Hombre,40 a 49 años,Licenciado
12522454371,402064447,2021-03-25 08:16:04,2021-03-25 09:01:40,190.1.204.31,,,,,Sí,VALLE DEL CAUCA,Institución Educativa Isaías Gamboa.,"Pregunta 2: Sucedió en aquel tiempo, cuando yo era docente de Secundaria , en aquellos conversatorios de ética, Religión y emprendimiento con los estudiantes,  y concretamente  en un taller de prevención del consumo de sustancias psicoactivas,  y educación para la Sexualidad,  al tocar este tema, de la prevención del abuso sexual , y preguntar si conocen casos sobre el tema, se produjo un silencio absoluto, en el grupo, se notaban algunas  estudiantes muy pensativas, tres de ellas, llenaron la actividad de clase sin colocar su nombre, y  se dirigieron hacia mi , para pedirme un espacio de  diálogo personal, el cual  concerté con ellas. En ese dialogo las escuche y me generó mucha preocupación escuchar sus gritos de dolor , con situaciones familiares de drogadicción y   abuso sexual, donde o no podía ayudar  a esos corazones heridos y con deseos de borrar ese pasado aterrador, donde todos sabemos que es un sector de una violencia, que es mejor no tocar, . Esos días siguientes me sentí tan impotente, tan triste, y mis pensamientos me llevaron a aquel momento en la universidad, donde me enseñaron que  el docente tiene la misión ética de solucionar esos conflictos emocionales de sus estudiantes, y  allí pensaba, como   hacerlo si son situaciones de peligro donde podemos perder  nuestra vida y quedamos limitados, como maestros,    conocer las situaciones conflictivas emocionales de un estudiante que confía en que el docente le dará soluciones de vida, para tratar de ser feliz, y es en este  momento, cuando nos cuestionamos como docentes, ¿Qué puedo hacer desde lo socio-emocional para a mis estudiantes poder ayudar? Estas historias quedaron en mi mente y  en mi quehacer , como un llamado urgente de nuestros estudiantes, para orientar nuestra educación desde el Ser,  y la importancia de reconocer que el estado emocional de nuestros estudiantes, su sentir, es super importante , para poder lograr un buen proceso de aprendizaje. Aunque este aprendizaje y experiencia, quedaron en mi mente, con cierta preocupación,   me ubicaron en la básica primaria y e desconecté de esas situaciones famiilares tristes  y    nunca volvi a saber de mis queridas estudiantes , que confiaron en mi orientación. Cómo docente me siento en deuda... ",Motivación,De vez en cuando,Mi relación con los estudiantes,Resultados mixtos,El desarrollo socioemocional de mis estudiantes,Reflexionar y comprender,Comprensión del mundo que los rodea,Reflexionar y comprender,Maestros y rectores,Dar soporte emocional a los estudiantes,51,56,22,Oficial,Básica Primaria,Mujer,50 a 59 años,Licenciado
12522390097,402064447,2021-03-25 08:15:39,2021-03-25 08:43:08,181.50.102.139,,,,,Sí,VALLE DEL CAUCA,Isaías Gamboa,"Recién llegada a la institución, me impactó muchísimo el rechazo marcado de parte de los estudiantes a las manifestaciones afectivas, se enojaban, empujaban y me decían que no los abrazaran o besaran porque no les gustaba, aunque ahora  a disminuido un poco, aún se observa en un número considerable de estudiantes, Se les observa rechazo al contacto físico. Desde luego ahora con tantos casos difíciles se les explica que es importante que lo tengan presente con desconocidos y se a trabajado con ellos formas de identificar muestras negativas de afecto ",Tristeza,Con frecuencia,Mi relación con los estudiantes,Resultados positivos,El desarrollo socioemocional de mis estudiantes,Reflexionar y comprender,Comprensión del mundo que los rodea,Reflexionar y comprender,Maestros y rectores,Dar soporte emocional a los estudiantes,55,25,49,Oficial,Básica Primaria,Mujer,50 a 59 años,Magister
12522243496,402064447,2021-03-25 07:38:04,2021-03-25 07:59:41,186.81.100.57,,,,,Sí,VALLE DEL CAUCA,Isaias Gamboa,la falta de interes de la comunidad frente a las responsabilidad,Motivación,Con frecuencia,Mi relación con los padres de familia,Resultados mixtos,El desarrollo socioemocional de mis estudiantes,Experimentar y crear,Comprensión del mundo que los rodea,Experimentar y crear,Estudiantes y padres,Dar soporte emocional a los estudiantes,0,0,0,Oficial,Básica Primaria,Mujer,60 a 69 años,Especialista
12522232100,402064447,2021-03-25 06:23:02,2021-03-25 13:30:42,181.62.53.218,,,,,Sí,VALLE DEL CAUCA,Isaías Gamboa,Prueballn,Motivación,Con frecuencia,Tecnologías y herramientas digitales,Resultados mixtos,Estimular el aprendizaje y transmitir prácticas,Reflexionar y comprender,Buenas bases para la compresión de futuros aprendizajes,Reflexionar y comprender,La IE y la secretaría,Ayudar a estudiantes a alcanzar sus objetivos,53,59,55,,,,,
12522231158,402064447,2021-03-25 07:49:28,2021-03-25 08:34:58,186.168.128.59,,,,,Sí,VALLE DEL CAUCA,isaias gamboa,es zona de ladera y presenta tereo muy erosionado,Tristeza,De vez en cuando,El cuidado del medio ambiente,,El desarrollo socioemocional de mis estudiantes,Reflexionar y comprender,Comprensión del mundo que los rodea,Reflexionar y comprender,Maestros y rectores,Ayudar a estudiantes a alcanzar sus objetivos,40,50,51,Oficial,Básica Primaria,Mujer,60 a 69 años,Especialista
12522229775,402064447,2021-03-25 07:41:24,2021-03-25 07:56:12,186.27.144.46,,,,,Sí,VALLE DEL CAUCA,ISAIAS GAMBOA,UN ESTUDIANTE QUE TENIA MUCHOS PROBLEMAS FAMILIARES Y ERA BASTANTE AGRESIVO CON SUS COMPAÑEROS,Tristeza,Con frecuencia,Mi relación con los estudiantes,Resultados interesantes,El desarrollo socioemocional de mis estudiantes,Reflexionar y comprender,Comprensión del mundo que los rodea,Experimentar y crear,Maestros y rectores,Dar soporte emocional a los estudiantes,25,50,25,Oficial,Básica Primaria,Mujer,50 a 59 años,Licenciado
12522226716,402064447,2021-03-25 07:38:47,2021-03-25 08:12:10,186.168.117.210,,,,,Sí,VALLE DEL CAUCA,ISAIAS GAMBOA,"Al enfrentarnos desde marzo 2020 al trabajo desde casa haciendo uso de las herramientas tecnológicas los profesores tuvimos resignificar nuestro quehacer pedagógico. Tocó centrarnos en un trabajo integrado con diferentes áreas, también pensar en resignificar las temáticas a trabajar desde las diferentes asignaturas y hacerlas interesantes para los estudiantes. Entonces mi asignatura lengua castellana se convirtió en un eje articulador para trabajar guías integradas. ",Orgullo/Satisfacción,Con frecuencia,Trabajo en equipo,Resultados positivos,El desarrollo socioemocional de mis estudiantes,Reflexionar y comprender,Comprensión del mundo que los rodea,Reflexionar y comprender,Maestros y rectores,Ayudar a estudiantes a alcanzar sus objetivos,54,53,55,Oficial,Básica Secundaria,Mujer,60 a 69 años,Especialista
12522216731,402064447,2021-03-25 07:31:16,2021-03-25 07:51:12,181.206.42.151,,,,,Sí,VALLE DEL CAUCA,I.E Isaías Gamboa,"El estar en la situación me ha hecho pensar que así como la situación de la pandemia a hecho cambiar muchas dinámicas sociales, también es necesario que los docentes se capaciten en la virtualidad empleando instrumentos que optimizan el trabajo, pues  dado a que hice mi carrera virtual, he podido compartir páginas o plataformas para ello  para hacer ejercicios interactivos, marcar asistencia por plataformas como classdojo o ejercicios o tareas sincrónicas o así crónicas por quizziz y otras herramientas que además de ser muy prácticas y  atractivas para los estudiantes también los hace competentes en la era digital",Motivación,Con frecuencia,Tecnologías y herramientas digitales,Resultados positivos,Estimular el aprendizaje y transmitir prácticas,Experimentar y crear,Comprensión del mundo que los rodea,Experimentar y crear,Maestros y rectores,Abrir nuevos mundos para los estudiantes,5,81,100,Oficial,Básica Secundaria,Mujer,30 a 39 años,Licenciado
12522197732,402064447,2021-03-25 07:33:39,2021-03-25 07:46:35,186.113.54.105,,,,,Sí,VALLE DEL CAUCA,Isaias Gamboa,la situación esta relacionada con una capacitación  sobre tecnologia que me ayudo a fortalecer esta competencia ya que no conocia mucho de esto,Motivación,Con frecuencia,Tecnologías y herramientas digitales,Resultados positivos,Estimular el aprendizaje y transmitir prácticas,Experimentar y crear,Comprensión del mundo que los rodea,Experimentar y crear,La IE y la secretaría,Abrir nuevos mundos para los estudiantes,0,0,0,Oficial,Preescolar,Mujer,50 a 59 años,Magister
12522184109,402064447,2021-03-25 07:29:23,2021-03-25 07:41:34,186.81.103.202,,,,,Sí,VALLE DEL CAUCA,Isaias Gamboa,2. El cambio a la modalidad de educación remota debido a la pandemia,Motivación,Con frecuencia,Tecnologías y herramientas digitales,Resultados mixtos,Estimular el aprendizaje y transmitir prácticas,Aplicar lo aprendido,Comprensión del mundo que los rodea,Aplicar lo aprendido en cosas concretas,La IE y la secretaría,Ayudar a estudiantes a alcanzar sus objetivos,0,0,0,Oficial,Básica Primaria,Hombre,50 a 59 años,Especialista
12522172435,402064447,2021-03-25 07:28:08,2021-03-25 07:37:55,186.146.119.46,,,,,Sí,VALLE DEL CAUCA,I.E. ISAIAS GAMBOA,"la pandemia, que ha motivado y obligado al uso de herramientas informáticas para conectarse con los estudiantes",Motivación,Con frecuencia,Tecnologías y herramientas digitales,Resultados mixtos,El desarrollo socioemocional de mis estudiantes,Experimentar y crear,Habilidades prácticas para la vida para una futura empleabilidad,Experimentar y crear,La IE y la secretaría,Abrir nuevos mundos para los estudiantes,51,50,51,Oficial,En más de una,Hombre,50 a 59 años,Profesional no Licenciado
12522157022,402064447,2021-03-25 07:08:05,2021-03-25 07:33:11,200.29.124.130,,,,,Sí,VALLE DEL CAUCA,INSTITUCIÓN EDUCATIVA ISAIAS GAMBOA. SEDE LA INMACULADA,En mi caso la deficiencia en el internet genera impotencia a la hora de trabajar con los estudiantes. es muy común y siempre se presenta. ocurre siempre.,Impotencia,Con frecuencia,Tecnologías y herramientas digitales,Resultados interesantes,Estimular el aprendizaje y transmitir prácticas,Experimentar y crear,Buenas bases para la compresión de futuros aprendizajes,Experimentar y crear,La IE y la secretaría,Abrir nuevos mundos para los estudiantes,50,30,70,Oficial,Básica Primaria,Mujer,50 a 59 años,Especialista
12522155448,402064447,2021-03-25 07:22:42,2021-03-25 07:32:31,191.156.45.22,,,,,Sí,VALLE DEL CAUCA,IE Isaías Gamboa ,"Situación 1, al inicio del año varias docentes se fueron pensionados, narrando las miles de cosas que lograron en su tiempo educando, lo positivo, lo negativo y sus experiencias personales y eso me gusto, ver como se les reconocía tantos años de dedicación",Motivación,De vez en cuando,Mi aporte a la humanidad y al mundo,Resultados interesantes,Estimular el aprendizaje y transmitir prácticas,Reflexionar y comprender,Comprensión del mundo que los rodea,Reflexionar y comprender,Maestros y rectores,Abrir nuevos mundos para los estudiantes,84,50,100,Oficial,Básica Primaria,Hombre,30 a 39 años,Licenciado
12522143701,402064447,2021-03-25 07:22:28,2021-03-25 07:28:47,191.156.6.229,,,,,Sí,VALLE DEL CAUCA,Isaías Gamboa,El momento en que sucedió lo de la pandemia y tuvimos que quedarnos en casa y lo que movio a los docentes y directivos y comunidad a pensarnos en como acceder a nuestros estudiantes y familias para seguir adelante  con la educación desde casa,Motivación,Casi nunca,Trabajo en equipo,Resultados mixtos,El desarrollo socioemocional de mis estudiantes,Experimentar y crear,Buenas bases para la compresión de futuros aprendizajes,Aplicar lo aprendido en cosas concretas,Maestros y rectores,Abrir nuevos mundos para los estudiantes,80,81,80,Oficial,Preescolar,Mujer,50 a 59 años,Licenciado
12522117646,402064447,2021-03-25 06:59:24,2021-03-25 07:20:57,190.1.204.31,,,,,Sí,VALLE DEL CAUCA,INSTITUCIÓN EDUCATIVA ISAIAS GAMBOA,"Pregunta 3:  En aquellos tiempos ,cuando yo era docente de Bachillerato, en la Sede Aguacatal de i insttución, se escontraban cuatro estudiantes en embvarazo, estabamos iniciando un proyecto de educacin sexual, y decidi que era una situacion propia´para tratar de mejirar esta situacion de los embarazos en adolescentes y fue así como se logró mejorar un poco esta situación de nuestras estudiantes, aunque tristemente una de ellas, resbaló , perdió su bebe  y estuvo muy enferma, pero esta stuacion ha mejirado, creo que fue una motivacion para emprender con amor, este tipo de acciones con nuestras queridas chicas  estudiantes. Aallí les mostramos la importancia que tiene la educación sexual .",Motivación,De vez en cuando,Mi relación con los estudiantes,Resultados interesantes,El desarrollo socioemocional de mis estudiantes,Reflexionar y comprender,Comprensión del mundo que los rodea,Aplicar lo aprendido en cosas concretas,Maestros y rectores,Dar soporte emocional a los estudiantes,1,0,0,Oficial,Básica Primaria,Mujer,50 a 59 años,Licenciado
12522117249,402064447,2021-03-25 07:04:30,2021-03-25 07:25:17,181.60.126.75,,,,,Sí,VALLE DEL CAUCA,institución Educativa ISAIAS GAMBOA,2.EL COMO LOS MAESTRO ASUMEN SU ROL EN TIEMPOS DE PANDEMIA Y CUAL HA SIDO LA RESPUESTA DE LA COMUNIDAD,Orgullo/Satisfacción,Con frecuencia,Tecnologías y herramientas digitales,Resultados positivos,Estimular el aprendizaje y transmitir prácticas,Aplicar lo aprendido,Comprensión del mundo que los rodea,Aplicar lo aprendido en cosas concretas,Maestros y rectores,Dar soporte emocional a los estudiantes,95,60,90,Oficial,Básica Secundaria,Hombre,50 a 59 años,Licenciado
12522095976,402064447,2021-03-25 07:02:46,2021-03-25 07:15:53,186.86.52.117,,,,,Sí,VALLE DEL CAUCA,Isaías Gamboa,Los estudiantes no tienen una buena lectura y esto ha hecho que haya un bajo puntaje en las pruebas saber 11. la forma de abordar las clases desde mi área,Motivación,Con frecuencia,Trabajo en equipo,Resultados positivos,Estimular el aprendizaje y transmitir prácticas,Reflexionar y comprender,Comprensión del mundo que los rodea,Aplicar lo aprendido en cosas concretas,Maestros y rectores,Abrir nuevos mundos para los estudiantes,17,50,92,Oficial,Básica Secundaria,Mujer,40 a 49 años,Licenciado
12522090575,402064447,2021-03-25 07:05:26,2021-03-25 07:11:47,181.62.54.39,,,,,No,VALLE DEL CAUCA,INSTITUCIÓN EDUCATIVA ISAÍAS GAMBOA,"Le negaron el cupo a un niño con diagnóstico de TDAH  que previamente tuve en mi grupo y dado que el profesor con el que continuó no lo supo ""manejar"" le fue negado el cupo.",Impotencia,Casi nunca,Mi relación con los estudiantes,Resultados negativos,El desarrollo socioemocional de mis estudiantes,Reflexionar y comprender,Buenas bases para la compresión de futuros aprendizajes,Reflexionar y comprender,Maestros y rectores,Dar soporte emocional a los estudiantes,50,50,75,Oficial,Básica Primaria,Mujer,40 a 49 años,Magister
12522090135,402064447,2021-03-25 07:05:10,2021-03-25 07:11:40,181.50.102.184,,,,,Sí,VALLE DEL CAUCA,Isaías Gamboa,La situación  de pandemia ha afectado a muchos jóvenes de la institución  y algunos ee ellos no se sienten seguros estudiando desde casa,Motivación,Con frecuencia,Tecnologías y herramientas digitales,Resultados mixtos,El desarrollo socioemocional de mis estudiantes,Experimentar y crear,Habilidades prácticas para la vida para una futura empleabilidad,Reflexionar y comprender,Maestros y rectores,Ayudar a estudiantes a alcanzar sus objetivos,37,57,46,Oficial,Básica Secundaria,Mujer,50 a 59 años,Licenciado
12522073775,402064447,2021-03-25 07:02:13,2021-03-25 07:06:34,186.168.112.12,,,,,Sí,VALLE DEL CAUCA,Isaías Gamboa ,El trabajo colaborativo de los maestros en pro de alcanzar metas,Alegría,Con frecuencia,Trabajo en equipo,Resultados positivos,El desarrollo socioemocional de mis estudiantes,Reflexionar y comprender,Habilidades prácticas para la vida para una futura empleabilidad,Experimentar y crear,Estudiantes y padres,Ayudar a estudiantes a alcanzar sus objetivos,77,61,85,Oficial,Básica Secundaria,Mujer,50 a 59 años,Magister
12522065877,402064447,2021-03-25 06:52:54,2021-03-25 07:05:03,181.54.0.101,,,,,Sí,VALLE DEL CAUCA,INSTITUCION EDUCATIVA ISAIAS GAMBOA,"la situaciòn es los niños que no tienen conectividad y deben esperar que el vecino les comparta su conexión, da mucha tristeza ver estas situaciones, porque está en evidencia la desigualdad social educativa, sobre todo en esta pandemia.  ",Tristeza,Con frecuencia,Tecnologías y herramientas digitales,Resultados negativos,El desarrollo socioemocional de mis estudiantes,Experimentar y crear,Buenas bases para la compresión de futuros aprendizajes,Experimentar y crear,La IE y la secretaría,Ayudar a estudiantes a alcanzar sus objetivos,9,9,15,Oficial,Básica Secundaria,Mujer,50 a 59 años,Licenciado
12522036814,402064447,2021-03-25 06:54:09,2021-03-25 06:58:18,190.99.230.249,,,,,Sí,VALLE DEL CAUCA,,"En dialogo con los estudiantes ellos manifiestan carencia de amor, de  acompañamiento falta de afecto y por tal motivo, se ven en la n3cesidad de buscar otros vínculos afectivos,  aveces  nonsienfo los mejores. ",Tristeza,Con frecuencia,Mi relación con los estudiantes,Resultados positivos,El desarrollo socioemocional de mis estudiantes,Reflexionar y comprender,Comprensión del mundo que los rodea,Reflexionar y comprender,Maestros y rectores,Dar soporte emocional a los estudiantes,71,58,52,Oficial,Media,Hombre,40 a 49 años,Magister
12521313782,402064447,2021-03-25 00:46:02,2021-03-25 01:08:00,190.66.232.197,,,,,No,VALLE DEL CAUCA,Institución Educativa Isaías Gamboa,"En esta institución, soy un docente que vengo trasladado  del departamento de Nariño a laborar con la secretaria de educación de Cali; y en la institución educativa Isaías Gamboa llevo aproximadamente 2 los que he laborado de manera ininterrumpida por las causas que ya todos conócenos; pero, en el poco tiempo que llevo en esta institución me he dado cuenta  que la rectora le brinda a los docentes el espació y la oportunidad para que ésto tengan capacitacines en diversas áreas del conocimiento. Considero , que esto es inmensamente positivo para brindar una educación de calidad. ",Motivación,Con frecuencia,Trabajo en equipo,Resultados positivos,Estimular el aprendizaje y transmitir prácticas,Experimentar y crear,Habilidades prácticas para la vida para una futura empleabilidad,Experimentar y crear,Maestros y rectores,Ayudar a estudiantes a alcanzar sus objetivos,0,0,0,Oficial,Básica Secundaria,Hombre,60 a 69 años,Especialista
12520496629,402064447,2021-03-24 16:49:14,2021-03-24 17:18:11,186.168.139.174,,,,,Sí,VALLE DEL CAUCA,I E Santa Librada de Cali,"Ahora en contexto de pandemia, 2021, en la entrega del PAE a las familias de nuestros estudiantes ha ocurrido que en la entrega del mencionado apoyo algunos funcionarios de los operadores se ha apreciado como entorpecen y dificultan la toma de ese apoyo por diversas razones, a los padres. En las escuelas afortunadamente los profesores logran en gran medida corregir los abusos e injusticias que algunos funcionarios insensibles, o aviones..., pretenden.",Rabia,Con frecuencia,Mi relación con los padres de familia,Resultados positivos,Estimular el aprendizaje y transmitir prácticas,Aplicar lo aprendido,Comprensión del mundo que los rodea,Aplicar lo aprendido en cosas concretas,Maestros y rectores,Ayudar a estudiantes a alcanzar sus objetivos,32,7,11,Oficial,En todas,Hombre,60 a 69 años,Especialista
12520434424,402064447,2021-03-24 16:36:40,2021-03-24 16:49:47,186.168.121.105,,,,,No,VALLE DEL CAUCA,Carmen Vargas,"El consumo de drogas es una problemática permanente en la institución, es claro que falta crear espacios de reflexión y de acción alrededor de esta problemática que está afectando a la población y al imagen de nuestra institución. En una ocasión denuncié un caso muy sonado en la institución de un estudiante que estaba vendiendo drogas y estaba afectando notablemente al grupo y a otros; pero la respuesta de un directivo fue que había hablado con la madre del estduainte y que ella se había comprometido a que su hijo no vendería más en el colegio, pero que ese era el negocio con el que subsistía su familia. Para resumir, el estudiante siguió vendiendo y decía abiertamente que no podían  comprobarle nada. ",Impotencia,Con frecuencia,Trabajo en equipo,Resultados mixtos,El desarrollo socioemocional de mis estudiantes,Reflexionar y comprender,Comprensión del mundo que los rodea,Reflexionar y comprender,Maestros y rectores,Dar soporte emocional a los estudiantes,13,23,15,Oficial,Media,Mujer,40 a 49 años,Magister
12520310580,402064447,2021-03-24 15:52:12,2021-03-25 07:41:22,186.81.100.241,,,,,Sí,VALLE DEL CAUCA,IE ISAÍAS GAMBOA,"En la institución educativa se presentan situaciones que evidencian que los estudiantes requieren apoyo en la construcción de habilidades sociales para tener una mejor relación consigo mismos, con los otros, con la naturaleza y con el saber.",Motivación,Con frecuencia,Trabajo en equipo,Resultados interesantes,El desarrollo socioemocional de mis estudiantes,Reflexionar y comprender,Comprensión del mundo que los rodea,Aplicar lo aprendido en cosas concretas,Estudiantes y padres,Abrir nuevos mundos para los estudiantes,0,71,1,Oficial,Básica Secundaria,Mujer,50 a 59 años,Licenciado
12519931450,402064447,2021-03-24 13:48:53,2021-03-24 14:02:03,131.108.168.254,,,,,Sí,VALLE DEL CAUCA,Isaias Gamboa,"2. Me impacto que se trabajará en equipo, en unas áreas afines atendiendo, sobre todo las necesidades de los estudiantes y el momento que se estaba viviendo a causa de la pande",Motivación,Con frecuencia,Trabajo en equipo,Resultados interesantes,El desarrollo socioemocional de mis estudiantes,Reflexionar y comprender,Comprensión del mundo que los rodea,Aplicar lo aprendido en cosas concretas,Maestros y rectores,Dar soporte emocional a los estudiantes,83,65,78,,,,,
12519555638,402064447,2021-03-24 11:06:21,2021-03-24 12:21:48,186.144.9.33,,,,,Sí,VALLE DEL CAUCA,SANTA LIBRADA,"La relacion de los padres de familia hacia la docente,cuando  se hace una observacion acerca de su hijo o hija,actuando de una manera inadecuada,faltando al respeto.es necesario que juntos,maestros y padres de familia,encuentren mejores formas de trato hacia los niños y maestras.la docente puede promover reuniones en donde algunos especialistas hablen sobre las caracteristicas del niño y los padres despejen sus dudas y construyan alternativas de solucion para mejorar su relacion con ellos y apoyen el trabajo escolar con ellos para una sana convivencia ",Motivación,De vez en cuando,Trabajo en equipo,Resultados positivos,El desarrollo socioemocional de mis estudiantes,Reflexionar y comprender,Buenas bases para la compresión de futuros aprendizajes,Reflexionar y comprender,Estudiantes y padres,Dar soporte emocional a los estudiantes,100,100,100,Oficial,Preescolar,Mujer,60 a 69 años,Especialista
12519450847,402064447,2021-03-24 11:29:01,2021-03-24 11:41:27,152.231.24.200,,,,,Sí,VALLE DEL CAUCA,Santa Librada ,La dedicación de todos los miembros de la comunidad educativa.El compromiso para orientar los procesos escolares ,Motivación,Con frecuencia,Trabajo en equipo,Resultados positivos,El desarrollo socioemocional de mis estudiantes,Experimentar y crear,Comprensión del mundo que los rodea,Experimentar y crear,Maestros y rectores,Abrir nuevos mundos para los estudiantes,38,51,75,Oficial,Básica Primaria,Hombre,50 a 59 años,Licenciado
12519382211,402064447,2021-03-24 11:18:43,2021-03-24 11:27:30,191.156.4.139,,,,,Sí,VALLE DEL CAUCA,Colegio Santa librada,3.43109E+11,Alegría,Con frecuencia,Mi aporte a la humanidad y al mundo,Resultados positivos,El desarrollo socioemocional de mis estudiantes,Aplicar lo aprendido,Habilidades prácticas para la vida para una futura empleabilidad,Reflexionar y comprender,La IE y la secretaría,Dar soporte emocional a los estudiantes,100,98,100,Oficial,Básica Primaria,Hombre,50 a 59 años,Licenciado
12519353636,402064447,2021-03-24 11:07:37,2021-03-24 11:14:04,186.168.149.184,,,,,Sí,VALLE DEL CAUCA,IEO de SANTA LIBRADA,"EXISTEN MUCHOS JOVENES EN Situación difícil (económica, social, familiar, psicologica, etc) y se propone crear una estructura para generar beneficios a la comunidad educativa ",Motivación,Con frecuencia,Liderazgo,Resultados interesantes,El desarrollo socioemocional de mis estudiantes,Reflexionar y comprender,Comprensión del mundo que los rodea,Experimentar y crear,Maestros y rectores,Abrir nuevos mundos para los estudiantes,0,63,56,Oficial,Media,Hombre,50 a 59 años,Magister
12519296535,402064447,2021-03-24 10:48:09,2021-03-24 10:58:58,186.168.154.91,,,,,Sí,VALLE DEL CAUCA,I.E. de Santa Librada,"Tuve un estudiante que siempre fue muy alegre, participaba en todo, le gustaba jugar futbol; nos dimos cuenta que empezó a fumar marihuana cuando tenía 14 años y aunque se inició la ruta, el chico sigo consumiendo, se salió de estudiar, y un día me lo encontré en la calle oliendo boxer, tenía la nariz muy lastimada, sucio y en situación de calle. Sentí que todos habíamos fallado: la familia, la escuela, el estado. Sentí que debíamos trabajar mucho más manejo de emociones, comunicación asertiva en la escuela, en la familia. ",Tristeza,Con frecuencia,Mi relación con los estudiantes,Resultados positivos,El desarrollo socioemocional de mis estudiantes,Reflexionar y comprender,Habilidades prácticas para la vida para una futura empleabilidad,Experimentar y crear,Estudiantes y padres,Abrir nuevos mundos para los estudiantes,0,94,1,Oficial,En más de una,Mujer,50 a 59 años,Especialista
12518560501,402064447,2021-03-24 07:02:54,2021-03-24 07:28:45,186.83.152.128,,,,,Sí,VALLE DEL CAUCA,Institución Educativa Isaías Gamboa,"En los últimos años, la cantidad de estudiantes de la sede el Aguacatal creció y se ha mantenido, esto genera una sensación de satisfacción como equipo de trabajo ya que la deserción escolar de comienzo de año es mínima, pero nos ha traído un problema a los docentes del área de educación física, ya que el espacio para trabajar con los muchachos es muy reducido debido a que solo cuenta con una cancha múltiple. Varias veces a la semana nos vemos en la necesidad de compartir espacios entre dos o tres grupos lo que genera incomodidad entre los grupos que coinciden en la clase al mismo tiempo, también cabe anotar que los períodos de descanso eren diferentes para algunos grados y los y las estudiantes les gusta ir en descanso a la cancha a jugar, pero se encontraron con que no podían porque en ese momento estábamos en clase, lo que me parece injusto, pues parte del descanso para algunos ellos es practicar algún deporte. En esta sede hay espacios que se pueden acondicionar para solucionar esta situación, pero requieren de inversiones altas, ya que son terrenos en desnivel o con escombros de edificaciones pasadas y acondicionarlos sería bastante costoso. ",Tristeza,Con frecuencia,La forma como los estudiantes aprenden,Resultados negativos,Estimular el aprendizaje y transmitir prácticas,Experimentar y crear,Habilidades prácticas para la vida para una futura empleabilidad,Experimentar y crear,La IE y la secretaría,Abrir nuevos mundos para los estudiantes,50,50,50,Oficial,Media,Hombre,50 a 59 años,Licenciado
12516994509,402064447,2021-03-23 18:03:41,2021-03-23 18:12:04,190.157.56.43,,,,,No,VALLE DEL CAUCA,Isaías Gamboa,"En pleno siglo XXI y en el contexto de la pandemia, se hace indispensable pensar en la conectividad y el acceso a las TIC por parte de nuestros estudiantes, no es posible que muchos aún no cuenten con un dispositivo electrónico, internet para acceder a los procesos de aprendizaje o que cuando volvamos a las aulas de clase no todos los salones tengan como mínimo un video beam y conectividad adecuada. La alfabetización digital es indispensable para generar procesos pedagógicos donde los únicos beneficiados son nuestros estudiantes. El aprendizaje basado en proyectos como metodología sólo será eficaz si contamos con los recursos suficientes y necesarios.",Impotencia,Con frecuencia,Tecnologías y herramientas digitales,Resultados positivos,Estimular el aprendizaje y transmitir prácticas,Reflexionar y comprender,Comprensión del mundo que los rodea,Experimentar y crear,Estudiantes y padres,Ayudar a estudiantes a alcanzar sus objetivos,50,61,68,Oficial,Básica Secundaria,Mujer,30 a 39 años,Licenciado
12515644553,402064447,2021-03-23 10:35:30,2021-03-23 10:49:07,190.1.207.40,,,,,Sí,VALLE DEL CAUCA,Institución educativa Isaías Gamboa,1.Observé a una madre de familia que le hacia un reclamo a una docente de forma grosera y muy alterada. Esto fue debido a que se le envió un llamado de atención al niño por escrito en la agenda y la mamá no lo aceptó y reaccionó de esa forma.,Tristeza,Con frecuencia,Mi relación con los padres de familia,Resultados mixtos,El desarrollo socioemocional de mis estudiantes,Experimentar y crear,Comprensión del mundo que los rodea,Experimentar y crear,Maestros y rectores,Abrir nuevos mundos para los estudiantes,22,48,41,Oficial,Preescolar,Mujer,30 a 39 años,Especialista
12515434319,402064447,2021-03-23 09:46:52,2021-03-23 09:53:41,191.95.50.205,,,,,Sí,VALLE DEL CAUCA,Isaías Gamboa ,"La situación impactante es que hoy martes 23 de marzo varios estudiantes reportan que por fuertes aguaceros, hoy amanecieron sin casa y sin dormir. Viven en zona de ladera. ",Impotencia,De vez en cuando,El cuidado del medio ambiente,Resultados interesantes,El desarrollo socioemocional de mis estudiantes,Aplicar lo aprendido,Comprensión del mundo que los rodea,Aplicar lo aprendido en cosas concretas,Estudiantes y padres,Abrir nuevos mundos para los estudiantes,46,95,29,Oficial,Básica Secundaria,Mujer,50 a 59 años,Especialista
12515327372,402064447,2021-03-23 09:14:06,2021-03-23 09:22:30,201.185.11.170,,,,,Sí,VALLE DEL CAUCA,Isaías Gamboa,"El 13 de marzo del año 2020, nos comunicaron que entrabamos en cuarentena. La situación se volvió preocupante. En mi caso no sabía cómo iba a continuar con la educación de los estudiantes. Me tuve que reinventar, actualizar y tomar decisiones en conjunto para poder dar una enseñanza de calidad, como siempre hemos hecho",Motivación,Casi nunca,Tecnologías y herramientas digitales,Resultados positivos,El desarrollo socioemocional de mis estudiantes,Reflexionar y comprender,Buenas bases para la compresión de futuros aprendizajes,Reflexionar y comprender,La IE y la secretaría,Abrir nuevos mundos para los estudiantes,22,43,23,Oficial,Básica Secundaria,Hombre,50 a 59 años,Especialista
12506705690,402064447,2021-03-19 14:20:05,2021-03-19 14:34:06,186.81.102.186,,,,,Sí,VALLE DEL CAUCA,Isaías Gamboa José Celestino Mutis,"1   una estudiante  estaba muy indispuesta ese día y  estaba en la sala de profesores se quejaba qiqcle doliacla cabeza pide permiso para entrar al baño y como notamos que se demoraba mucho al ver qué pasaba la niña se había desmayado y estaba como recostada en el lavamanos después lo que ocurre es el corre corre pues estábamos asustados y si no se hubiera actuado rápido los resultados hubieran sido muy graves,esto me impacto pues la niña era como si volviera a nacer le tocó volver a iniciar con proceso de aprender a leer teniendo en cuenta que la niña ya estaba en quinto creo ,esto me impacto pues me enseñó que debemos estar dispuestos a enfrentar los cambios que nos ocurren en la vida y adaptarnos a  nuestras situaciones",Motivación,Casi nunca,Mi relación con los estudiantes,Resultados interesantes,El desarrollo socioemocional de mis estudiantes,Reflexionar y comprender,Comprensión del mundo que los rodea,Reflexionar y comprender,Maestros y rectores,Dar soporte emocional a los estudiantes,29,70,67,Oficial,Básica Primaria,Mujer,50 a 59 años,Especialista
12505648182,402064447,2021-03-19 08:19:05,2021-03-19 08:34:51,181.62.52.128,,,,,Sí,VALLE DEL CAUCA,ISAIAS GAMBOA SEDES ALEJANDRO CABAL ,"Observo que los estudiantes  tienen dificultades el manejo  de habilidades del pensamiento, que les facilite la comprensión  de textos",Motivación,Con frecuencia,La forma como los estudiantes aprenden,Resultados mixtos,Estimular el aprendizaje y transmitir prácticas,Experimentar y crear,Buenas bases para la compresión de futuros aprendizajes,Aplicar lo aprendido en cosas concretas,Estudiantes y padres,Dar soporte emocional a los estudiantes,2,1,2,Oficial,En todas,Hombre,60 a 69 años,Especialista
12505644291,402064447,2021-03-19 08:13:42,2021-03-19 08:32:47,181.54.0.153,,,,,Sí,VALLE DEL CAUCA,Isaías Gamboa sede Inmaculada,"El momento en que inicio el covid y todos debimos quedarnos en casa sin saber que pasaria despues y como podriamos seguir teniendo contacto con las familias y nuestros niños ,la incertidumbre de que pasara pero gracias a Dios esta situacion me invito a reinventar estrategias y buscar alternativas para salir adelante de la mejor manera.     en casa ",Orgullo/Satisfacción,Casi nunca,Creatividad e Innovación,Resultados positivos,El desarrollo socioemocional de mis estudiantes,Experimentar y crear,Habilidades prácticas para la vida para una futura empleabilidad,Experimentar y crear,Maestros y rectores,Ayudar a estudiantes a alcanzar sus objetivos,14,10,9,Oficial,Preescolar,Mujer,40 a 49 años,Especialista
12505637520,402064447,2021-03-19 08:14:15,2021-03-19 08:40:26,190.90.24.134,,,,,Sí,VALLE DEL CAUCA,ISAIAS GAMBOA,"Cuando se inician proyectos y se realiza el trabajo con toda la motivación y disposición, cuando se ven los frutos y para los directivos no significa nada porque no ejercen el apoyo necesario para concretar los procesos  uno reflexiona acerca de el por qué  pasan éstas situaciones.  ¿Lo estamos haciendo mal? o no vale la pena el ejercicio o simplemente no tiene el nivel de importancia necesario para ser tenido en cuenta dentro del presupuesto de la institución. Bien por los estudiantes y los padres y por el ejercicio activo del docente, pero queda el interrogante.",Tristeza,Con frecuencia,Trabajo en equipo,Resultados positivos,El desarrollo socioemocional de mis estudiantes,Experimentar y crear,Habilidades prácticas para la vida para una futura empleabilidad,Experimentar y crear,Maestros y rectores,Dar soporte emocional a los estudiantes,35,53,10,Oficial,Básica Primaria,Mujer,50 a 59 años,Magister
12505629997,402064447,2021-03-19 08:14:13,2021-03-19 08:28:19,191.106.173.177,,,,,Sí,VALLE DEL CAUCA,Isaías Gamboa Sede José Celestino Mutis,"El inicio de este año escolar nos ha estado nuevamente a mejorar constantemente. Mi historia comienza con la propuesta de realizar al inicio del año el diagnóstico individualmente a cada estudiante, en ese proceso, un niño tenía dificultades de conectividad y no podía realizar la prueba por la videollamada, entonces le dije que debíamos esperar otro día que solucionara esa situación. Sin embargo, el niño me envía mensajes y audios llorando, diciéndome que si no la hace la mamá le pega, entonces me ví enfrentada a un reto nuevo para realizar bien la actividad académica, pero también entender las emociones y situación del estudiante.",Motivación,Casi nunca,Mi relación con los estudiantes,Resultados positivos,El desarrollo socioemocional de mis estudiantes,Reflexionar y comprender,Comprensión del mundo que los rodea,Reflexionar y comprender,Estudiantes y padres,Ayudar a estudiantes a alcanzar sus objetivos,50,25,7,Oficial,Básica Primaria,Mujer,40 a 49 años,Profesional no Licenciado
12505629433,402064447,2021-03-19 08:14:08,2021-03-19 08:28:45,190.66.77.229,,,,,Sí,VALLE DEL CAUCA,Isaías Gamboa,"Recuerdo la gran angustia que viví al enfermarse una niña del grado 4o. Presentaba un dolor de cabeza que se atribuía al calor intenso, pues se le estaban haciendo reestructuras físicas a la sede. La niña terminó con cirugía en la cabeza. Se debe mejorar la ruta de atención.en estos casos",Tristeza,De vez en cuando,Trabajo en equipo,Resultados mixtos,El desarrollo socioemocional de mis estudiantes,Aplicar lo aprendido,Buenas bases para la compresión de futuros aprendizajes,Experimentar y crear,La IE y la secretaría,Dar soporte emocional a los estudiantes,17,35,2,Oficial,Básica Primaria,Mujer,50 a 59 años,Especialista
12505628599,402064447,2021-03-19 08:16:56,2021-03-19 08:27:41,161.18.93.34,,,,,Sí,VALLE DEL CAUCA,Isaias Gamboa- Alejandro Cabal ,3 la situación generada por la pandemia nos ha permitido descubrir o mejor dicho reafirmar el gran potencial que tenemos como maestros y que el trabajo en equipo es una gran herramienta para mejorar las practicas educativas ,Motivación,Casi nunca,Trabajo en equipo,Resultados positivos,Estimular el aprendizaje y transmitir prácticas,Experimentar y crear,Buenas bases para la compresión de futuros aprendizajes,Experimentar y crear,Maestros y rectores,Ayudar a estudiantes a alcanzar sus objetivos,48,24,49,Oficial,Básica Primaria,Mujer,30 a 39 años,Magister
12505628085,402064447,2021-03-19 08:13:57,2021-03-19 08:29:21,181.62.53.101,,,,,Sí,VALLE DEL CAUCA,isaias gamboa (cabal pombo),"fue una situacion positiva la creacion de habuescuela como un lugar donde se transversalizo todas las areas , donde la escuela se convierte en laboratorio de vida , donde vemos los procesos de semilas d evida , dodne la produccion textual es clave , donde el trabajo en equipo fue importante , y sobre todo la sana convivinecia entre la ecologia humana y el medio ambiente fue imprtante ",Alegría,Con frecuencia,Trabajo en equipo,Resultados positivos,El desarrollo socioemocional de mis estudiantes,Experimentar y crear,Comprensión del mundo que los rodea,Experimentar y crear,Estudiantes y padres,Abrir nuevos mundos para los estudiantes,0,0,0,Oficial,Básica Primaria,Hombre,60 a 69 años,Licenciado
12505627559,402064447,2021-03-19 08:15:34,2021-03-19 08:27:18,181.62.53.152,,,,,Sí,VALLE DEL CAUCA,ISAÍAS GAMBOA SEDE ISAÍAS GAMBOA,3. la situaciónque estamos viviendo por pandemia me hizo pensar sobre la importancia de las Habilidades socioemocionales tanto en los estudiantes como en sus familias y en nosotros los docentes para obtener mejores resultados académicos.,Motivación,Con frecuencia,Trabajo en equipo,Resultados positivos,El desarrollo socioemocional de mis estudiantes,Experimentar y crear,Habilidades prácticas para la vida para una futura empleabilidad,,Maestros y rectores,Dar soporte emocional a los estudiantes,56,51,30,Oficial,Básica Primaria,Mujer,50 a 59 años,Magister
12505623430,402064447,2021-03-19 08:13:50,2021-03-19 08:25:48,181.50.102.50,,,,,Sí,VALLE DEL CAUCA,Isaias,En la sede se tenia una familia numerosa en la cual uno de los hijos al parecer se aprovechaba de jovenes y tambien de dos ee sus hermanas menores.El padre estaba en la carcel por dejar en embarazo a su hija mayor y por otras cosas.Tambien su madre estuvo en la carcel pero ya salio hace creo 4 o 5 años.Este joven hace 2 años fue encontrado asesinado con multiples heridas al parecer consecuencia de arreglo de cuentas por hacer daño a mujeres.,Tristeza,Casi nunca,Mi relación con los estudiantes,Resultados mixtos,El desarrollo socioemocional de mis estudiantes,Reflexionar y comprender,Comprensión del mundo que los rodea,Reflexionar y comprender,Estudiantes y padres,Dar soporte emocional a los estudiantes,7,2,4,Oficial,Básica Primaria,Mujer,40 a 49 años,Magister
12502934370,402064447,2021-03-18 11:41:51,2021-03-18 11:55:03,181.60.70.10,,,,,Sí,VALLE DEL CAUCA,IE de Santa Librada Sede Republica de  México,2.La educacion asistida con la tecnologia es muy bueno nos permite aprender  y hacer clases intractivas. Pero el que no tenga los medios para acceder pues su avance no va a ser igual al de los demás,Impotencia,Con frecuencia,Tecnologías y herramientas digitales,Resultados mixtos,El desarrollo socioemocional de mis estudiantes,Experimentar y crear,Habilidades prácticas para la vida para una futura empleabilidad,Experimentar y crear,La IE y la secretaría,Abrir nuevos mundos para los estudiantes,2,3,3,No oficial,Básica Primaria,Mujer,50 a 59 años,Especialista
12502904384,402064447,2021-03-18 08:03:17,2021-03-18 11:46:55,186.81.103.50,,,,,Sí,VALLE DEL CAUCA,Santa Librada,Prueba ,Alegría,De vez en cuando,Liderazgo,Resultados positivos,Estimular el aprendizaje y transmitir prácticas,Reflexionar y comprender,Habilidades prácticas para la vida para una futura empleabilidad,Experimentar y crear,Maestros y rectores,Ayudar a estudiantes a alcanzar sus objetivos,58,25,28,Oficial,Básica Primaria,Mujer,30 a 39 años,Magister
12502896983,402064447,2021-03-18 11:36:08,2021-03-18 11:43:05,181.62.52.54,,,,,Sí,VALLE DEL CAUCA,Santa Librada sede Eustaquio Palacios,Fortalecer la identidad cultural de los estudiantes en el contexto de ciudad  ya que muchas veces no reconocen sus usos y costumbres porque sus padres no las prácticas en sus vidas cotidianas muchos ,Motivación,Con frecuencia,Mi relación con los estudiantes,Resultados interesantes,El desarrollo socioemocional de mis estudiantes,Reflexionar y comprender,Comprensión del mundo que los rodea,Reflexionar y comprender,Estudiantes y padres,Dar soporte emocional a los estudiantes,51,51,54,Oficial,Básica Primaria,Mujer,50 a 59 años,Licenciado
12502891995,402064447,2021-03-18 11:19:11,2021-03-18 11:42:26,179.12.173.0,,,,,Sí,VALLE DEL CAUCA,Ie.Santa Librada,"Ptegunta #2.La situación que me impacto fue conocer el largo camino que tenían que recorrer los estudiantes que provienen de la zona de las laderas para llegar a la sede. Comprendí  porque cuando llovía demasido el camino se hacia más difíci, por ello fataban a clases. El esfurzo tan grande que hacían para ir a estudiar. Despues de dalir de clase la caminata tan larga bajo el sol para regresar a su casa.  ",Motivación,Con frecuencia,Mi aporte a la humanidad y al mundo,Resultados positivos,El desarrollo socioemocional de mis estudiantes,Reflexionar y comprender,Comprensión del mundo que los rodea,Reflexionar y comprender,Estudiantes y padres,Dar soporte emocional a los estudiantes,70,100,18,Oficial,Básica Primaria,Mujer,40 a 49 años,Licenciado
12502891331,402064447,2021-03-18 11:18:27,2021-03-18 11:41:19,186.168.81.67,,,,,Sí,VALLE DEL CAUCA,De Santa Librada," Hay diferentes practicas de aula entre ellas algunas que generan violencia, los discursos de algunos docentes reflejan prejuicios por etnia, raza, diversidad sexual, atendiendo estos casos desde la coordinación, me generó tristeza e impotencia, por tanto, para crear ambientes de aprendizaje y convivencia considero que se debe trabajar la diferencia como un valor, como una oportunidad de crecimiento y no como formas de jerarquias. Creo que una apuesta intercultural, reconocimiento de diferentes lenguas maternas y nativas puede crear tanto en estudiantes como el resto de la comunidad educativa otras formas de vinculo y reconocimiento social",Impotencia,Con frecuencia,Mi aporte a la humanidad y al mundo,Resultados positivos,El desarrollo socioemocional de mis estudiantes,Reflexionar y comprender,Comprensión del mundo que los rodea,Experimentar y crear,Estudiantes y padres,Abrir nuevos mundos para los estudiantes,70,50,14,Oficial,Básica Primaria,Mujer,30 a 39 años,Magister
12502891086,402064447,2021-03-18 11:30:16,2021-03-18 11:42:23,181.62.176.107,,,,,Sí,VALLE DEL CAUCA,Santa. Librada. Sede Luis Carlos Peña,"Me ha impactado mucho la situación que están viviendo alguno de mis estudiantes venezolanos, que tienen madres muy jóvenes. Por ejemplo, una de mis madres tiene tres hijos y la mayor cumplió 7 años, bienestar familiar se las quitó por no tener buen trato con ellos. Esto me impacto de manera negativa porque así hay varias madres en esta situación. uno de mis estudiantes venezolanos",Impotencia,De vez en cuando,Mi aporte a la humanidad y al mundo,Resultados mixtos,El desarrollo socioemocional de mis estudiantes,Reflexionar y comprender,Comprensión del mundo que los rodea,Reflexionar y comprender,Estudiantes y padres,Dar soporte emocional a los estudiantes,0,0,0,Oficial,Básica Primaria,Mujer,50 a 59 años,Magister
12502877823,402064447,2021-03-18 11:18:26,2021-03-18 14:54:10,186.116.237.90,,,,,Sí,VALLE DEL CAUCA,Santa Librada sede Santiago de Cali,"2. Cuéntanos una situación que haya sucedido en tu institución educativa que te haya impactado particularmente positiva o negativamente. Escogí el punto número 2. El cambio de la sede República de México a la sede Santiago de Cali, me beneficio porque pude conocer de cerca las necesidades apremiantes de los estudiantes y sus familias y verificar que ambas comunidades se ubican en el mismo barrio pero tienen necesidades distintas.",Motivación,Con frecuencia,Mi aporte a la humanidad y al mundo,Resultados positivos,El desarrollo socioemocional de mis estudiantes,Reflexionar y comprender,Habilidades prácticas para la vida para una futura empleabilidad,Aplicar lo aprendido en cosas concretas,Estudiantes y padres,Dar soporte emocional a los estudiantes,76,50,41,Oficial,Básica Primaria,Mujer,50 a 59 años,Magister
12502868663,402064447,2021-03-18 11:24:05,2021-03-18 11:34:29,161.18.11.204,,,,,Sí,CAUCA,santa librada,"1. Los contextos de donde provienen nuestros estudiantes está marcado por situaciones socio culturales que propenden por una vision distorcionada de las instituciones que propenden por la formación de los ciudadanos del siglo XXI. familia, escuela, politica, iglesia. ",Motivación,Con frecuencia,Mi aporte a la humanidad y al mundo,Resultados interesantes,Estimular el aprendizaje y transmitir prácticas,Reflexionar y comprender,Comprensión del mundo que los rodea,Reflexionar y comprender,La IE y la secretaría,Abrir nuevos mundos para los estudiantes,50,50,50,Oficial,Media,Hombre,40 a 49 años,Licenciado
12502866746,402064447,2021-03-18 11:18:21,2021-03-18 11:34:00,152.231.24.200,,,,,Sí,VALLE DEL CAUCA,Santa Librada ,La dedicación de todos los miembros de la comunidad educativa.El compromiso para orientar los procesos escolares ,Motivación,Con frecuencia,Trabajo en equipo,Resultados mixtos,El desarrollo socioemocional de mis estudiantes,Experimentar y crear,Comprensión del mundo que los rodea,Experimentar y crear,Maestros y rectores,Abrir nuevos mundos para los estudiantes,51,52,57,Oficial,Básica Primaria,Hombre,50 a 59 años,Especialista
12502866499,402064447,2021-03-18 11:18:24,2021-03-18 11:33:37,181.53.153.57,,,,,Sí,VALLE DEL CAUCA,Institución Educativa de Santa Librada. Sede Santiago de Cali,"En la institución educativa se viene realizando una reestructuración del plan de estudios, desde el preescolar hasta el bachillerato, de esta manera encaminarlo hacia la formación de ese ser más humano, crítico y autónomo que queremos, para su propia autoformación y que la sociedad y su contexto sea transformado. Que tenga en cuenta las habilidades de los estudiantes y no se homogenicen. Debemos concientizarnos de la diversidad y niveles de aprendizaje de los estudiantes",Motivación,Con frecuencia,La forma como los estudiantes aprenden,Resultados positivos,El desarrollo socioemocional de mis estudiantes,Reflexionar y comprender,Comprensión del mundo que los rodea,Reflexionar y comprender,Maestros y rectores,Abrir nuevos mundos para los estudiantes,35,50,50,Oficial,Básica Primaria,Mujer,50 a 59 años,Licenciado
12502866438,402064447,2021-03-18 11:21:28,2021-03-18 11:34:11,181.54.0.78,,,,,Sí,VALLE DEL CAUCA,Institución Educativa de Santa Librada - sede Santiago de Cali,"Lo que más me ha impactado en mi vida laborar es haberme encontrado con estudiantes vinculados al SRPA, me parece una paradoja total y quisiera aportar algo para cambiar las dinámicas del sistema en cuanto a la atención a niños, niñas y/o adolescentes",Impotencia,De vez en cuando,Creatividad e Innovación,Resultados interesantes,El desarrollo socioemocional de mis estudiantes,Aplicar lo aprendido,Comprensión del mundo que los rodea,Experimentar y crear,Estudiantes y padres,Ayudar a estudiantes a alcanzar sus objetivos,1,99,2,Oficial,Básica Primaria,Mujer,40 a 49 años,Especialista
12502865485,402064447,2021-03-18 11:18:32,2021-03-18 11:42:38,190.99.149.23,,,,,Sí,VALLE DEL CAUCA,Santa Librada,Con algunos estudiantes  me impacta el hecho de que la educación que reciben en el colegio  genera cambios muy  valiosos en su proceder.  Una  estudiante de décimo  grado a raíz  de la formación en  valores  decide encausar  su vida por otra más  productiva y  con  menos riesgos para su vida. ,Orgullo/Satisfacción,Con frecuencia,La forma como los estudiantes aprenden,Resultados positivos,El desarrollo socioemocional de mis estudiantes,Reflexionar y comprender,Habilidades prácticas para la vida para una futura empleabilidad,Reflexionar y comprender,Maestros y rectores,Dar soporte emocional a los estudiantes,75,50,50,Oficial,Básica Secundaria,Mujer,60 a 69 años,Magister
12502864064,402064447,2021-03-18 11:26:28,2021-03-18 11:33:45,181.62.52.106,,,,,Sí,VALLE DEL CAUCA,i.E. de santa Librada,el trabajo con un estudiante TDH,Orgullo/Satisfacción,De vez en cuando,Mi relación con los estudiantes,Resultados positivos,El desarrollo socioemocional de mis estudiantes,Reflexionar y comprender,Comprensión del mundo que los rodea,Reflexionar y comprender,Estudiantes y padres,Ayudar a estudiantes a alcanzar sus objetivos,50,50,50,Oficial,Básica Primaria,Mujer,50 a 59 años,Especialista
12502861196,402064447,2021-03-18 11:19:00,2021-03-18 11:32:09,181.234.175.235,,,,,Sí,VALLE DEL CAUCA,IEO de Santa Librada_Sede Carlos Alberto Sardi,"Los resultados de los niños en secundaria, sus desempeños en los trabajos, las faltas de oportunidades y la manera como esos círculos familiares se repiten, estudian en escuela, siguen sin oportunidades después de su grado y luego van a ocupar los cargos laborales que tienen sus padres, ventas ambulantes, informalidad, baja remuneración. del mismo modo, el proyecto de vida con la paternidad o maternidad a temprana edad. Todo ello lleva a cuestionar nuestro proceder como instituciones de formación, estamos formando para... y los afectados, los niños, la sociedad, un país. Todo ello me ha llevado a transformar mi práctica y sobre todo, cuestionar el camino que lleva nuestra institución...con un panorama desolador. ",Motivación,Con frecuencia,Creatividad e Innovación,Resultados mixtos,El desarrollo socioemocional de mis estudiantes,Experimentar y crear,Comprensión del mundo que los rodea,Experimentar y crear,Maestros y rectores,Abrir nuevos mundos para los estudiantes,50,50,21,Oficial,Básica Primaria,Hombre,30 a 39 años,Magister
12502855146,402064447,2021-03-18 11:22:04,2021-03-18 11:42:59,181.78.11.103,,,,,Sí,VALLE DEL CAUCA,Santa librada ,Consumo de drogas ,Tristeza,Casi nunca,Mi aporte a la humanidad y al mundo,Resultados positivos,El desarrollo socioemocional de mis estudiantes,Reflexionar y comprender,Comprensión del mundo que los rodea,Experimentar y crear,Estudiantes y padres,Dar soporte emocional a los estudiantes,0,0,0,Oficial,Básica Primaria,Mujer,20 a 29 años,Licenciado
12502846997,402064447,2021-03-18 11:18:21,2021-03-18 11:27:40,191.106.198.127,,,,,Sí,VALLE DEL CAUCA,Institucion Educativo De Santa Librada,la falta de recursos tecnologicos para ayudar a la comunidad educativa.,Impotencia,Con frecuencia,Tecnologías y herramientas digitales,Resultados mixtos,El desarrollo socioemocional de mis estudiantes,Experimentar y crear,Buenas bases para la compresión de futuros aprendizajes,Aplicar lo aprendido en cosas concretas,La IE y la secretaría,Abrir nuevos mundos para los estudiantes,5,5,8,Oficial,Básica Primaria,Mujer,50 a 59 años,Especialista
12502332336,402064447,2021-03-18 08:42:39,2021-03-18 08:51:45,201.185.3.54,,,,,Sí,VALLE DEL CAUCA,SANTA ROSA sede JOSE CARDONA HOYOS,"La situación que mas me impacta todos los días es el poco apoyo famliar y el trato con sus hijos, lo cual se que incide en nuestros jóvenes. ",Motivación,Con frecuencia,Mi aporte a la humanidad y al mundo,Resultados interesantes,El desarrollo socioemocional de mis estudiantes,Reflexionar y comprender,Comprensión del mundo que los rodea,Reflexionar y comprender,Estudiantes y padres,Abrir nuevos mundos para los estudiantes,45,35,10,Oficial,Básica Primaria,Mujer,50 a 59 años,Especialista
12502323030,402064447,2021-03-18 08:41:29,2021-03-18 08:48:14,186.168.217.242,,,,,Sí,VALLE DEL CAUCA,SANTA ROSA,"LAS FRONTERAS INVISIBLES: ES UNA SITUACION EN LA QUE DEBE MEDIAR LA POLICIA EN CONJUNTO CON EL ICBF, PARA QUE LOS ESTUDIANTES ESTEN PROTEGIDOS DE ESTE FLAGELO.",Impotencia,Con frecuencia,Mi relación con los estudiantes,Resultados positivos,El desarrollo socioemocional de mis estudiantes,Reflexionar y comprender,Comprensión del mundo que los rodea,Aplicar lo aprendido en cosas concretas,Maestros y rectores,Dar soporte emocional a los estudiantes,28,73,45,Oficial,Básica Primaria,Hombre,30 a 39 años,Licenciado
